{
  "homepage": "https://github.com/bazel-contrib/rules_jvm",
  "maintainers": [
    {
      "name": "Daniel Wagner-Hall",
      "email": "dawagner@gmail.com",
      "github": "illicitonion"
    },
    {
      "name": "Gibson Fahnestock",
      "email": "gibfahn@gmail.com",
      "github": "gibfahn"
    },
    {
      "name": "Simon Stewart",
      "email": "simon.m.stewart@gmail.com",
      "github": "shs96c"
    }
  ],
  "repository": [
    "github:bazel-contrib/rules_jvm"
  ],
  "versions": [],
  "yanked_versions": {}
}
