<?xml version="1.0"?>
<ruleset name="example pmd rules"
         xmlns="http://pmd.sourceforge.net/ruleset/2.0.0"
         xmlns:xsi="http://www.w3.org/2001/XMLSchema-instance"
         xsi:schemaLocation="http://pmd.sourceforge.net/ruleset/2.0.0 http://pmd.sourceforge.net/ruleset_2_0_0.xsd">

    <description>Sample ruleset</description>

    <rule ref="category/java/bestpractices.xml/AvoidUsingHardCodedIP"/>
    <rule ref="category/java/bestpractices.xml/CheckResultSet"/>
    <rule ref="category/java/bestpractices.xml/PrimitiveWrapperInstantiation"/>
    <rule ref="category/java/bestpractices.xml/UnusedLocalVariable"/>
    <rule ref="category/java/bestpractices.xml/UnusedPrivateField"/>
    <rule ref="category/java/bestpractices.xml/UnusedPrivateMethod"/>

    <rule ref="category/java/codestyle.xml/ControlStatementBraces"/>
    <rule ref="category/java/codestyle.xml/ExtendsObject"/>
    <rule ref="category/java/codestyle.xml/ForLoopShouldBeWhileLoop"/>
    <rule ref="category/java/codestyle.xml/UnnecessaryImport"/>

    <rule ref="category/java/design.xml/AvoidRethrowingException"/>
    <rule ref="category/java/design.xml/AvoidThrowingNewInstanceOfSameException"/>
    <rule ref="category/java/design.xml/AvoidThrowingNullPointerException"/>
    <rule ref="category/java/design.xml/CollapsibleIfStatements"/>
    <rule ref="category/java/design.xml/DoNotExtendJavaLangError"/>
    <rule ref="category/java/design.xml/SimplifiedTernary"/>

    <rule ref="category/java/errorprone.xml">
        <exclude name="AvoidDuplicateLiterals"/>
        <exclude name="DoNotTerminateVM"/>
        <exclude name="TestClassWithoutTestCases"/>
        <exclude name="UnnecessaryBooleanAssertion"/>
        <exclude name="UseProperClassLoader"/>
    </rule>

    <rule ref="category/java/multithreading.xml/AvoidThreadGroup"/>
    <rule ref="category/java/multithreading.xml/DontCallThreadRun"/>
    <rule ref="category/java/multithreading.xml/DoubleCheckedLocking"/>

    <rule ref="category/java/performance.xml/AddEmptyString"/>
    <rule ref="category/java/performance.xml/AvoidArrayLoops"/>
    <rule ref="category/java/performance.xml/BigIntegerInstantiation"/>
    <rule ref="category/java/performance.xml/UseArraysAsList"/>
    <rule ref="category/java/performance.xml/UseArrayListInsteadOfVector"/>
    <rule ref="category/java/performance.xml/UseStringBufferForStringAppends"/>
</ruleset>
